Store ID,Location,Store Size,Store Type,Promotion ID,Type of Promotion,Promotion Start Date,Promotion End Date,Weekly Sales During Promotion,Weekly Sales Before Promotion,Weekly Sales After Promotion,Average Daily Visits During Promotion,Average Daily Visits Before Promotion,Average Daily Visits After Promotion
1,New York,2000,Urban,101,Discount,2023-06-01,2023-06-14,50000,30000,35000,400,300,350
2,Los Angeles,1500,Suburban,102,Buy-One-Get-One,2023-05-15,2023-05-28,45000,35000,30000,450,400,375
3,Chicago,1800,Urban,103,Special Event,2023-07-01,2023-07-14,60000,40000,40000,500,350,450
4,Houston,1600,Suburban,104,Discount,2023-06-10,2023-06-24,48000,32000,33000,425,310,320
5,Phoenix,1700,Urban,105,Buy-One-Get-One,2023-04-20,2023-05-04,53000,34000,36000,475,350,370
6,Philadelphia,1800,Urban,106,Special Event,2023-08-05,2023-08-19,49000,31000,41000,480,300,400
7,San Antonio,1400,Suburban,107,Discount,2023-07-15,2023-07-29,42000,39000,37000,350,340,360
8,San Diego,2000,Urban,108,Buy-One-Get-One,2023-06-22,2023-07-06,56000,43000,39000,530,420,410
9,Dallas,1500,Suburban,109,Special Event,2023-05-10,2023-05-24,47000,36000,38000,420,365,380
10,San Jose,1750,Urban,110,Discount,2023-04-15,2023-04-29,52000,33000,41000,500,320,390
11,Austin,1600,Suburban,111,Buy-One-Get-One,2023-08-01,2023-08-15,45000,37000,34000,410,370,350
12,Jacksonville,1450,Urban,112,Special Event,2023-07-20,2023-08-03,51000,38000,42000,470,360,410
13,Fort Worth,1550,Suburban,113,Discount,2023-06-18,2023-07-02,43000,35000,36000,400,340,350
14,Columbus,1650,Urban,114,Buy-One-Get-One,2023-05-25,2023-06-08,55000,41000,45000,520,400,430
15,Charlotte,1750,Suburban,115,Special Event,2023-04-30,2023-05-14,46000,34000,37000,415,335,360
16,Detroit,1900,Urban,116,Discount,2023-08-10,2023-08-24,58000,44000,42000,540,430,420
17,El Paso,1300,Suburban,117,Buy-One-Get-One,2023-07-12,2023-07-26,44000,42000,40000,390,380,370
18,Memphis,1450,Urban,118,Special Event,2023-06-15,2023-06-29,47000,35000,39000,410,330,380
19,Baltimore,1500,Suburban,119,Discount,2023-05-05,2023-05-19,49000,37000,36000,420,360,350
20,Boston,1650,Urban,120,Buy-One-Get-One,2023-04-10,2023-04-24,54000,40000,41000,510,390,400
21,Nashville,1550,Suburban,121,Special Event,2023-08-15,2023-08-29,45000,33000,35000,400,320,330
22,Denver,1600,Urban,122,Discount,2023-07-18,2023-08-01,50000,39000,42000,480,370,400
23,Louisville,1350,Suburban,123,Buy-One-Get-One,2023-06-20,2023-07-04,48000,36000,37000,410,350,360
24,Portland,1400,Urban,124,Special Event,2023-05-15,2023-05-29,52000,41000,43000,470,400,420
25,Milwaukee,1500,Suburban,125,Discount,2023-04-20,2023-05-04,47000,35000,38000,400,340,370
